{"cameraMode":{"drawMode":0,"name":"Shaded","section":"Shading Mode"},"sceneLighting":true,"audioPlay":false,"sceneViewState":{"m_AlwaysRefresh":false,"showFog":true,"showSkybox":true,"showFlares":true,"showImageEffects":true,"showParticleSystems":true,"showVisualEffectGraphs":true,"m_FxEnabled":true},"in2DMode":false,"pivot":{"x":-10.716803550720215,"y":-19.26476287841797,"z":104.10594177246094},"rotation":{"x":-0.23353929817676545,"y":-0.027127213776111604,"z":0.006519507151097059,"w":-0.9719403982162476},"size":14.273834228515625,"orthographic":false}