{"cameraMode":{"drawMode":0,"name":"Shaded","section":"Shading Mode"},"sceneLighting":true,"audioPlay":false,"sceneViewState":{"m_AlwaysRefresh":false,"showFog":true,"showSkybox":true,"showFlares":true,"showImageEffects":true,"showParticleSystems":true,"showVisualEffectGraphs":true,"m_FxEnabled":true},"in2DMode":false,"pivot":{"x":-29.41390609741211,"y":-45.586055755615237,"z":197.29237365722657},"rotation":{"x":-0.13370591402053834,"y":0.006835270673036575,"z":-0.0009221865329891443,"w":-0.9909923672676086},"size":57.074432373046878,"orthographic":false}